,City,Max Temp,Lat,Lng,Humidity,Cloudiness,Wind Speed,Country,Date
0,Albany,81.0,42.6,-73.97,63,77,1.01,US,1594833642
1,Bredasdorp,50.0,-34.53,20.04,71,1,6.93,ZA,1594833642
2,Yulara,39.2,-25.24,130.99,44,0,4.7,AU,1594833642
3,Jalu,95.68,29.03,21.55,17,0,8.95,LY,1594833607
4,Sechura,71.01,-5.56,-80.82,64,84,7.83,PE,1594833642
5,Puerto Ayora,70.0,-0.74,-90.35,88,72,4.0,EC,1594833621
6,Talaya,52.23,61.38,152.75,72,94,7.81,RU,1594833643
7,Kiri Buru,76.35,22.08,85.35,92,13,3.62,IN,1594833643
8,Swellendam,50.0,-34.02,20.44,71,1,6.93,ZA,1594833643
9,Hilo,72.0,19.73,-155.09,88,1,3.36,US,1594833493
10,Jamestown,81.0,42.1,-79.24,53,1,4.7,US,1594833585
11,Beidao,65.71,34.57,105.89,80,73,3.51,CN,1594833644
12,Yellowknife,59.0,62.46,-114.35,82,75,11.41,CA,1594833644
13,Hermanus,48.0,-34.42,19.23,78,0,1.01,ZA,1594833644
14,Saint Paul Harbor,69.8,57.79,-152.41,46,1,5.82,US,1594833644
15,Tuktoyaktuk,51.8,69.45,-133.04,71,75,9.17,CA,1594833645
16,Mataura,39.0,-46.19,168.86,83,23,3.0,NZ,1594833645
17,Ahipara,57.09,-35.17,173.17,93,19,4.81,NZ,1594833645
18,Hasaki,63.0,35.73,140.83,100,75,10.29,JP,1594833645
19,Hong Kong,86.0,22.29,114.16,70,100,8.99,HK,1594833539
20,Ushuaia,30.2,-54.8,-68.3,92,40,1.59,AR,1594833592
21,Aktash,43.99,50.3,87.73,94,25,2.04,RU,1594833646
22,Rikitea,74.3,-23.12,-134.97,83,100,13.96,PF,1594833620
23,Southbridge,75.0,42.08,-72.03,69,92,4.32,US,1594833646
24,Punta Arenas,33.8,-53.15,-70.92,83,75,8.05,CL,1594833476
25,Hof,66.0,50.32,11.92,87,40,3.36,DE,1594833647
26,Bengkulu,77.49,-3.8,102.27,81,99,2.93,ID,1594833647
27,Tripoli,84.51,32.88,13.19,53,0,20.0,LY,1594833647
28,Hithadhoo,84.31,-0.6,73.08,73,91,7.2,MV,1594833647
29,Pevek,44.8,69.7,170.31,93,100,2.93,RU,1594833648
30,Broome,84.99,42.25,-75.83,53,40,3.36,US,1594833648
31,Bambous Virieux,73.0,-20.34,57.76,73,40,13.87,MU,1594833648
32,Cape Town,53.6,-33.93,18.42,50,0,3.36,ZA,1594833648
33,Betioky,63.82,-23.72,44.38,77,4,11.79,MG,1594833648
34,Provideniya,47.88,64.38,-173.3,90,100,2.59,RU,1594833649
35,Morón,57.2,-34.65,-58.62,30,0,6.93,AR,1594833649
36,Salta,60.8,-24.79,-65.41,44,40,6.93,AR,1594833649
37,Esperance,48.2,-33.87,121.9,76,0,8.05,AU,1594833649
38,Laguna,72.0,38.42,-121.42,56,1,4.7,US,1594833597
39,Östersund,62.6,63.18,14.64,67,97,11.41,SE,1594833650
40,Sitka,55.4,57.05,-135.33,87,75,9.17,US,1594833647
41,Port Alfred,55.54,-33.59,26.89,46,11,3.11,ZA,1594833650
42,Anadyr,48.0,64.75,177.48,100,40,4.47,RU,1594833650
43,Rome,91.4,34.26,-85.16,46,1,3.36,US,1594833650
44,Cidreira,54.19,-30.18,-50.21,50,0,4.59,BR,1594833651
45,Kaeo,55.0,-35.1,173.78,3,18,1.45,NZ,1594833462
46,Sinnamary,86.04,5.38,-52.95,61,0,9.69,GF,1594833651
47,Castro,66.11,-24.79,-50.01,60,4,4.16,BR,1594833651
48,New Norfolk,43.0,-42.78,147.06,87,100,1.79,AU,1594833651
49,Bandarbeyla,80.58,9.49,50.81,70,96,33.82,SO,1594833652
50,Thompson,60.8,55.74,-97.86,93,90,13.87,CA,1594833652
51,Guerrero Negro,76.1,27.98,-114.06,56,45,14.12,MX,1594833652
52,Hervey Bay,51.01,-25.3,152.85,63,0,4.0,AU,1594833652
53,Qaanaaq,40.89,77.48,-69.36,86,100,9.69,GL,1594833652
54,Longyearbyen,48.2,78.22,15.64,61,75,4.7,SJ,1594833652
55,Atuona,79.39,-9.8,-139.03,75,2,18.32,PF,1594833653
56,Butaritari,81.75,3.07,172.79,76,83,12.08,KI,1594833653
57,Busselton,55.99,-33.65,115.33,84,48,20.18,AU,1594833647
58,Pizarro,82.2,4.95,-77.37,77,32,5.86,CO,1594833363
59,La Romana,89.6,18.43,-68.97,66,40,10.29,DO,1594833610
60,Kahului,78.8,20.89,-156.47,61,40,11.41,US,1594833654
61,Kavieng,80.98,-2.57,150.8,72,20,2.59,PG,1594833654
62,Lagoa,69.13,39.05,-27.98,80,51,8.7,PT,1594833654
63,Uspenka,68.59,48.39,39.16,59,40,5.12,UA,1594833654
64,San Patricio,86.0,19.22,-104.7,79,75,11.41,MX,1594833654
65,Ambunti,72.91,-4.24,142.84,98,20,1.41,PG,1594833654
66,Rheinberg,70.0,51.55,6.6,53,37,1.01,DE,1594833655
67,George Town,80.6,5.41,100.34,88,20,4.7,MY,1594833645
68,Kieta,77.97,-6.22,155.63,77,61,3.27,PG,1594833655
69,Namatanai,78.66,-3.67,152.43,77,13,1.48,PG,1594833655
70,Torbay,50.0,47.67,-52.73,100,90,21.92,CA,1594833655
71,Mar del Plata,51.8,-38.0,-57.56,43,0,5.82,AR,1594833655
72,Khatanga,57.9,71.97,102.5,64,100,13.4,RU,1594833647
73,Saint George,95.0,37.1,-113.58,14,1,0.67,US,1594833433
74,Norman Wells,64.4,65.28,-126.83,63,20,5.82,CA,1594833656
75,Ostrovnoy,53.47,68.05,39.51,73,0,7.78,RU,1594833656
76,Tërny,57.11,50.98,33.98,83,97,5.39,UA,1594833656
77,Qinzhou,82.53,21.95,108.62,81,94,6.38,CN,1594833657
78,Vila Franca do Campo,71.6,37.72,-25.43,73,75,6.93,PT,1594833622
79,Paamiut,42.93,61.99,-49.67,87,5,21.83,GL,1594833657
80,Lebu,55.9,-37.62,-73.65,72,73,2.48,CL,1594833657
81,Saint-Philippe,71.6,-21.36,55.77,83,75,5.82,RE,1594833657
82,Río Gallegos,30.2,-51.62,-69.22,100,90,9.17,AR,1594833657
83,Kapaa,78.8,22.08,-159.32,78,75,12.75,US,1594833658
84,Cherskiy,40.37,68.75,161.3,80,100,4.09,RU,1594833658
85,Korem,67.33,12.51,39.52,53,99,7.11,ET,1594833658
86,Mackenzie,57.2,55.3,-123.17,82,1,8.05,CA,1594833658
87,Port Lincoln,52.88,-34.73,135.87,83,1,7.27,AU,1594833658
88,Barrow,39.2,71.29,-156.79,86,1,9.17,US,1594833659
89,Samarkand,82.4,39.65,66.96,34,65,9.17,UZ,1594833659
90,Vao,69.49,-22.67,167.48,79,72,16.82,NC,1594833659
91,Lompoc,61.0,34.64,-120.46,77,46,3.36,US,1594833521
92,Sur,86.27,22.57,59.53,64,0,13.27,OM,1594833660
93,Saint-Pierre,71.6,-21.34,55.48,83,75,5.82,RE,1594833441
94,Katete,67.59,-0.78,29.75,69,29,2.55,UG,1594833660
95,Temirtau,69.64,50.05,72.95,59,0,12.06,KZ,1594833660
96,Yumen,77.97,40.28,97.2,21,93,17.9,CN,1594833661
97,Snyder,93.2,32.72,-100.92,34,1,16.11,US,1594833661
98,Roald,62.6,62.58,6.13,77,95,5.82,NO,1594833661
99,Avarua,66.2,-21.21,-159.78,68,99,3.36,CK,1594833646
100,Arboledas,89.6,7.64,-72.8,49,40,4.7,CO,1594833661
101,Nikolskoye,63.0,59.7,30.79,51,100,4.47,RU,1594833662
102,Sālūmbar,84.58,24.13,74.05,67,76,7.02,IN,1594833662
103,Arvika,66.99,59.66,12.59,88,98,3.36,SE,1594833662
104,Vrangel',59.36,42.73,133.08,89,0,3.15,RU,1594833662
105,Sobolevo,50.11,54.43,31.9,95,100,14.97,RU,1594833662
106,Kaitangata,38.03,-46.28,169.85,85,45,3.91,NZ,1594833621
107,Damāvand,87.8,35.72,52.06,18,20,11.41,IR,1594833663
108,Mildura,35.6,-34.2,142.15,93,0,3.36,AU,1594833663
109,Sudzha,56.05,51.2,35.27,79,98,10.09,RU,1594833663
110,Zrnovci,86.0,41.85,22.44,28,40,6.93,MK,1594833663
111,Key West,91.4,24.56,-81.78,55,40,4.7,US,1594833410
112,Clyde River,53.6,70.47,-68.59,76,1,10.29,CA,1594833664
113,Flin Flon,64.4,54.77,-101.86,68,75,16.11,CA,1594833664
114,Beringovskiy,48.04,63.05,179.32,86,19,5.39,RU,1594833664
115,Norfolk,73.99,42.17,-71.25,64,75,10.29,US,1594833664
116,Port Elizabeth,46.4,-33.92,25.57,81,8,6.93,ZA,1594833430
117,Valverde del Camino,88.0,37.58,-6.75,39,0,13.0,ES,1594833665
118,Alofi,69.8,-19.06,-169.92,88,99,4.7,NU,1594833665
119,Lakewood,71.01,39.7,-105.08,63,2,8.12,US,1594833665
120,Malbang,79.9,5.86,125.05,75,100,6.33,PH,1594833665
121,Kerman,82.4,30.28,57.08,24,20,4.7,IR,1594833666
122,Āgaro,63.14,7.85,36.65,90,100,1.05,ET,1594833666
123,Ancud,52.0,-41.87,-73.82,100,90,3.36,CL,1594833666
124,Lüderitz,68.0,-26.65,15.16,42,0,12.75,NA,1594833667
125,Mumbai,80.6,19.01,72.85,94,90,17.69,IN,1594833455
126,Sirte,80.37,31.21,16.59,68,0,13.56,LY,1594833667
127,Midland,96.8,32.0,-102.08,19,1,11.41,US,1594833572
128,Avera,95.0,33.19,-82.53,47,1,4.7,US,1594833668
129,Bluff,39.0,-46.6,168.33,83,18,3.0,NZ,1594833624
130,Uyuni,50.59,-20.46,-66.83,38,0,17.34,BO,1594833668
131,Poum,70.29,-20.23,164.02,66,1,15.39,NC,1594833668
132,Arkhangelsk,55.4,64.54,40.54,76,20,6.71,RU,1594833649
133,Riachão,93.34,-7.36,-46.62,28,1,8.12,BR,1594833669
134,Panalingaan,79.84,8.78,117.42,80,9,3.56,PH,1594833669
135,Mīrābād,96.96,30.44,61.84,14,0,17.13,AF,1594833669
136,Zhigansk,60.73,66.77,123.37,61,74,4.97,RU,1594833669
137,Tasiilaq,46.4,65.61,-37.64,75,20,10.29,GL,1594833648
138,Camalú,75.0,30.85,-116.07,52,1,3.0,MX,1594833670
139,Mount Gambier,39.2,-37.83,140.77,100,75,6.93,AU,1594833670
140,Vavoua,84.47,7.38,-6.48,53,50,5.91,CI,1594833670
141,Padang,79.0,-0.95,100.35,77,8,5.06,ID,1594833670
142,Tiksi,36.64,71.69,128.87,83,0,14.5,RU,1594833671
143,Bethel,77.0,41.37,-73.41,64,90,4.7,US,1594833648
144,Acapulco de Juárez,87.8,16.86,-99.89,74,40,3.36,MX,1594833397
145,Waipawa,45.0,-41.41,175.52,66,100,3.0,NZ,1594833671
146,Carnarvon,64.4,-24.87,113.63,68,90,5.82,AU,1594833671
147,Touros,82.4,-5.2,-35.46,69,75,11.41,BR,1594833671
148,Hobart,45.0,-42.88,147.33,87,90,5.82,AU,1594833389
149,Meulaboh,79.03,4.14,96.13,85,94,4.16,ID,1594833672
150,Delvāda,81.36,20.77,71.03,83,100,8.3,IN,1594833673
151,Florø,60.8,61.6,5.03,77,75,9.17,NO,1594833673
152,Vestmannaeyjar,50.0,63.44,-20.27,100,90,27.51,IS,1594833429
153,Naze,82.4,28.37,129.48,88,75,9.17,JP,1594833673
154,High Level,66.2,58.52,-117.14,55,40,6.93,CA,1594833673
155,Vaini,71.6,-21.2,-175.2,83,75,6.93,TO,1594833645
156,Manzanillo,91.26,20.34,-77.12,53,1,5.53,CU,1594833569
157,Hofn,51.8,64.25,-15.21,87,90,10.29,IS,1594833674
158,Plettenberg Bay,52.02,-34.05,23.37,50,0,3.36,ZA,1594833674
159,Noyabrsk,70.18,63.2,75.45,80,29,9.84,RU,1594833674
160,Merauke,77.77,-8.47,140.33,84,91,16.08,ID,1594833674
161,Kapit,74.66,2.02,112.93,94,81,1.5,MY,1594833675
162,Chu,78.64,43.6,73.76,29,0,10.54,KZ,1594833675
163,Balabac,82.69,7.99,117.06,76,84,7.02,PH,1594833675
164,Mandalgovi,71.71,45.76,106.27,25,40,3.42,MN,1594833675
165,Rizhao,73.04,35.43,119.46,82,21,4.16,CN,1594833675
166,Atagay,51.96,55.1,99.39,78,8,6.62,RU,1594833676
167,Sovetskaya Gavan',54.73,48.97,140.29,94,45,6.96,RU,1594833676
168,Jiangyou,75.15,31.77,104.72,86,100,2.24,CN,1594833676
169,Moyale,70.74,3.52,39.06,61,85,6.35,KE,1594833676
170,Canchungo,93.2,12.07,-16.03,79,75,11.41,GW,1594833676
171,Pisco,60.8,-13.7,-76.22,87,90,6.93,PE,1594833677
172,Airai,55.53,-8.93,125.41,100,22,3.49,TL,1594833677
173,Husum,64.99,54.49,9.05,63,1,12.75,DE,1594833677
174,La Sierra,74.03,2.18,-76.76,50,8,1.77,CO,1594833677
175,Mirny,64.4,62.54,113.96,100,75,13.42,RU,1594833677
176,Baruun-Urt,68.31,46.68,113.28,69,91,2.13,MN,1594833678
177,Taoudenni,112.69,22.68,-3.98,11,54,11.95,ML,1594833664
178,Quelimane,73.4,-17.88,36.89,69,75,6.93,MZ,1594833679
179,Hokitika,40.08,-42.72,170.97,70,98,8.32,NZ,1594833679
180,Sawtell,53.6,-30.38,153.1,58,0,9.17,AU,1594833661
181,Kibala,87.8,9.11,18.35,58,20,0.49,TD,1594833680
182,Shizunai-furukawachō,60.1,42.33,142.37,87,91,3.69,JP,1594833680
183,Mnogovershinnyy,60.4,53.94,139.92,84,72,3.96,RU,1594833680
184,Lac du Bonnet,71.01,50.25,-96.06,99,77,13.0,CA,1594833680
185,Ejura,77.58,7.39,-1.36,77,91,5.59,GH,1594833681
186,Taldom,60.26,56.73,37.53,94,69,5.1,RU,1594833681
187,Port Hardy,57.2,50.7,-127.42,100,90,4.7,CA,1594833681
188,Kalmunai,81.18,7.42,81.82,79,90,13.98,LK,1594833681
189,Costa Rica,77.16,-23.42,-54.65,57,7,5.97,BR,1594833422
190,East Moline,73.0,41.5,-90.44,94,75,2.59,US,1594833682
191,Alpoyeca,85.14,17.67,-98.52,54,11,2.37,MX,1594833667
192,Upernavik,42.85,72.79,-56.15,87,87,4.88,GL,1594833682
193,Lashio,69.75,22.93,97.75,99,86,1.34,MM,1594833682
194,Pinerovka,69.01,51.56,43.07,54,15,8.72,RU,1594833682
195,Sambava,72.66,-14.27,50.17,83,58,15.08,MG,1594833445
196,Faro,86.0,37.02,-7.93,48,0,9.17,PT,1594833609
197,Ambulu,73.76,-8.35,113.61,87,49,6.38,ID,1594833683
198,Willowmore,41.4,-33.29,23.49,58,1,1.72,ZA,1594833683
199,Laas,53.6,46.62,10.7,93,75,4.7,IT,1594833683
200,Saldanha,51.8,-33.01,17.94,66,0,4.7,ZA,1594833676
201,Severo-Kuril'sk,49.62,50.68,156.12,93,84,10.02,RU,1594833673
202,Novikovo,59.92,51.15,37.89,81,8,9.15,RU,1594833648
203,Townsville,50.0,-19.25,146.8,93,3,6.31,AU,1594833570
204,Ribeira Grande,73.4,38.52,-28.7,69,75,12.75,PT,1594833652
205,Nanortalik,43.0,60.14,-45.24,86,90,6.78,GL,1594833441
206,Nioro,92.08,13.35,-15.75,45,10,8.08,GM,1594833685
207,Vanimo,77.77,-2.67,141.3,87,17,4.59,PG,1594833685
208,Los Llanos de Aridane,75.2,28.66,-17.92,73,20,18.34,ES,1594833685
209,Kuusamo,60.8,65.97,29.18,63,30,6.93,FI,1594833685
210,Margate,64.0,51.38,1.39,82,97,1.01,GB,1594833686
211,Sørland,60.8,67.67,12.69,67,75,4.7,NO,1594833686
212,Bowen,55.0,-20.02,148.23,100,0,4.7,AU,1594833686
213,Manchester,60.01,53.48,-2.24,87,90,11.41,GB,1594833481
214,Klaksvík,51.8,62.23,-6.59,100,90,13.87,FO,1594833686
215,Paro,64.09,27.43,89.41,69,100,1.43,BT,1594833687
216,Maningrida,65.62,-12.07,134.27,77,22,10.13,AU,1594833687
217,Udachny,68.0,66.42,112.4,52,90,6.71,RU,1594833687
218,Bilma,102.13,18.69,12.92,17,8,10.67,NE,1594833687
219,Baykit,51.53,61.67,96.37,72,70,10.02,RU,1594833687
220,Shingū,69.49,33.73,135.98,84,100,5.19,JP,1594833687
221,East London,58.71,-33.02,27.91,49,2,0.36,ZA,1594833688
222,Dikson,41.14,73.51,80.55,90,99,12.15,RU,1594833658
223,Redcar,64.0,54.62,-1.06,77,100,5.99,GB,1594833613
224,Gari,79.83,59.43,62.35,64,74,10.85,RU,1594833688
225,Blagoyevo,55.42,63.37,47.92,92,100,8.41,RU,1594833689
226,Puerto Baquerizo Moreno,68.04,-0.9,-89.6,87,55,11.59,EC,1594833689
227,Latung,83.43,5.5,120.88,70,98,5.88,PH,1594833446
228,Neiafu,75.2,-18.65,-173.98,78,20,9.17,TO,1594833689
229,La Paz,55.4,-16.5,-68.15,16,20,6.93,BO,1594833421
230,Tuatapere,39.0,-46.13,167.68,83,89,3.0,NZ,1594833689
231,Orël-Izumrud,77.0,43.46,39.92,61,3,11.18,RU,1594833690
232,Abirāmam,82.4,9.47,78.45,74,75,11.14,IN,1594833690
233,Victor Harbor,46.0,-35.57,138.62,85,5,5.32,AU,1594833690
234,Harper,77.38,4.38,-7.72,70,89,8.19,LR,1594833691
235,Yar-Sale,60.01,66.83,70.83,94,100,15.82,RU,1594833691
236,‘Āhuimanu,78.8,21.44,-157.84,65,40,8.05,US,1594833691
237,Saskylakh,70.84,71.92,114.08,52,78,15.79,RU,1594833661
238,Kindersley,64.4,51.47,-109.17,63,90,13.87,CA,1594833691
239,Mariehamn,64.4,60.1,19.93,72,72,6.93,AX,1594833691
240,Mezen',52.81,65.85,44.24,73,75,7.83,RU,1594833458
241,Chui,51.93,-33.7,-53.46,50,0,2.17,UY,1594833692
242,Santa Barbara,63.0,34.42,-119.7,82,90,5.82,US,1594833451
243,Sangar,60.67,63.92,127.47,60,41,1.12,RU,1594833692
244,Cascavel,69.8,-24.96,-53.46,72,2,5.41,BR,1594833693
245,São João da Barra,71.6,-21.64,-41.05,88,90,9.17,BR,1594833693
246,Amilly,71.01,47.97,2.77,69,98,1.01,FR,1594833693
247,Saint-Augustin,60.55,51.23,-58.65,53,0,10.89,CA,1594833649
248,La Ronge,59.0,55.1,-105.28,77,90,16.11,CA,1594833693
249,Stornoway,57.2,58.21,-6.39,76,100,12.75,GB,1594833428
250,Kruisfontein,44.78,-34.0,24.73,62,4,1.72,ZA,1594833694
251,Mahajanga,75.2,-15.72,46.32,83,2,8.05,MG,1594833553
252,Griffith,87.01,41.53,-87.42,61,1,8.05,US,1594833508
253,Jishou,75.76,28.32,109.72,94,100,2.33,CN,1594833694
254,Manono,83.52,-7.3,27.42,27,74,9.04,CD,1594833694
255,Atar,107.2,20.52,-13.05,12,0,12.8,MR,1594833695
256,Smithers,53.6,54.78,-127.17,93,90,5.82,CA,1594833695
257,Agra,94.75,27.18,78.02,47,45,6.67,IN,1594833668
258,Monywa,84.99,22.12,95.13,70,91,11.14,MM,1594833695
259,Souillac,71.6,-20.52,57.52,73,40,13.87,MU,1594833695
260,Amuntai,73.22,-2.42,115.25,98,95,1.45,ID,1594833695
261,Cayenne,84.2,4.93,-52.33,79,0,11.41,GF,1594833660
262,Goderich,82.99,43.75,-81.72,68,61,1.01,CA,1594833696
263,Kattivākkam,80.6,13.22,80.32,88,90,6.93,IN,1594833696
264,Chokurdakh,36.09,70.63,147.92,88,100,12.91,RU,1594833696
265,Angoche,71.51,-16.23,39.91,73,61,15.57,MZ,1594833696
266,Grindavik,51.8,63.84,-22.43,93,75,17.22,IS,1594833697
267,Tigil',54.09,57.8,158.67,94,100,4.32,RU,1594833697
268,Karratha,65.5,-20.74,116.85,65,0,5.93,AU,1594833557
269,Sertânia,87.26,-8.07,-37.26,32,1,11.83,BR,1594833697
270,Chicama,72.81,-7.84,-79.15,58,35,9.53,PE,1594833697
271,Malinyi,73.29,-8.93,36.13,58,14,3.62,TZ,1594833698
272,Keti Bandar,86.02,24.14,67.45,76,19,16.26,PK,1594833672
273,Narsaq,57.2,60.92,-46.05,58,75,9.17,GL,1594833664
274,Iisalmi,68.0,63.56,27.19,49,25,4.7,FI,1594833698
275,Tougan,84.51,13.07,-3.07,61,96,5.28,BF,1594833698
276,Okahandja,59.0,-21.98,16.92,15,0,9.17,NA,1594833699
277,Barranco,84.2,9.52,-82.7,74,61,5.82,PA,1594833699
278,Bremervörde,64.99,53.48,9.13,75,1,1.99,DE,1594833699
279,Tura,75.85,25.52,90.22,96,88,6.31,IN,1594833699
280,Mahébourg,71.6,-20.41,57.7,73,40,13.87,MU,1594833699
281,Ayagoz,68.59,47.97,80.44,72,0,17.76,KZ,1594833699
282,Kloulklubed,77.0,7.04,134.26,88,75,3.36,PW,1594833700
283,General Pico,57.72,-35.66,-63.76,43,0,10.29,AR,1594833700
284,Ponta do Sol,73.0,32.67,-17.1,62,4,6.31,PT,1594833700
285,Hov,59.0,60.7,10.35,92,95,1.01,NO,1594833700
286,Miraflores,71.6,19.22,-98.81,46,40,2.3,MX,1594833701
287,Ambilobe,71.04,-13.2,49.05,82,49,2.84,MG,1594833701
288,Dingle,76.01,11.0,122.67,89,100,5.19,PH,1594833701
289,Oława,71.01,50.95,17.29,56,97,3.36,PL,1594833701
290,Kungurtug,52.63,50.6,97.52,85,95,3.96,RU,1594833701
291,Sisimiut,48.4,66.94,-53.67,65,60,10.31,GL,1594833702
292,Saint-François,66.2,46.42,3.91,59,90,8.05,FR,1594833695
293,Departamento de Maldonado,55.4,-34.67,-54.92,47,0,4.7,UY,1594833455
294,Windhoek,60.8,-22.56,17.08,15,0,9.17,NA,1594833702
295,San Cristobal,89.6,7.77,-72.22,49,40,4.7,VE,1594833654
296,Jacqueville,78.8,5.21,-4.41,78,40,11.41,CI,1594833703
297,Japura,74.93,-0.32,102.35,91,28,1.86,ID,1594833452
298,Marigot,86.0,18.07,-63.08,70,75,8.05,MF,1594833659
299,Turinsk,77.0,58.05,63.7,71,25,9.22,RU,1594833703
300,Khanpur,106.23,28.65,70.66,19,2,4.85,PK,1594833490
301,Labuhan,77.68,-6.88,112.21,85,49,6.98,ID,1594833704
302,La Sarre,62.08,48.8,-79.2,90,99,7.05,CA,1594833704
303,Kyshtovka,62.83,56.55,76.63,81,45,6.24,RU,1594833704
304,Aswān,97.52,24.09,32.91,9,0,8.41,EG,1594833478
305,Bambanglipuro,75.43,-7.95,110.28,90,48,8.14,ID,1594833704
306,Avila,81.0,40.58,-5.0,18,0,5.99,ES,1594833705
307,Ixtapa,89.01,20.7,-105.2,70,40,6.93,MX,1594833705
308,Jutaí,91.94,-5.18,-68.9,43,38,4.76,BR,1594833705
309,Kushima,68.0,31.46,131.23,93,95,4.63,JP,1594833705
310,Khandyga,57.29,62.67,135.6,68,29,4.54,RU,1594833705
311,Mossamedes,68.13,-15.2,12.15,87,2,6.42,AO,1594833706
312,Turaif,100.4,31.67,38.66,17,20,9.17,SA,1594833446
313,Keetmanshoop,57.2,-26.58,18.13,24,0,13.87,NA,1594833706
314,Širvintos,73.4,55.05,24.95,45,99,9.17,LT,1594833706
315,Port Blair,81.86,11.67,92.75,82,100,10.11,IN,1594833707
316,Glasgow,59.0,55.87,-4.26,82,90,11.41,GB,1594833574
317,Tešanjka,80.6,44.67,18.01,41,20,5.82,BA,1594833707
318,Talnakh,48.2,69.49,88.4,93,75,6.71,RU,1594833439
319,Van Wert,87.01,40.87,-84.58,42,1,8.05,US,1594833708
320,Babu,80.71,24.42,111.52,76,53,2.15,CN,1594833708
321,Emerald,48.2,-23.53,148.17,57,0,5.82,AU,1594833708
322,Ranong,81.0,9.97,98.63,76,100,4.88,TH,1594833708
323,Leningradskiy,41.25,69.38,178.42,88,100,10.09,RU,1594833708
324,Tiarei,73.4,-17.53,-149.33,88,75,5.82,PF,1594833448
325,Kuching,77.0,1.55,110.33,100,20,1.12,MY,1594833709
326,Quatre Cocos,73.0,-20.21,57.76,73,40,13.87,MU,1594833709
327,Itoman,84.2,26.12,127.67,89,40,21.92,JP,1594833709
328,College,59.0,64.86,-147.8,76,75,4.7,US,1594833709
329,Houma,93.0,29.6,-90.72,70,40,4.7,US,1594833710
330,Leh,66.4,34.17,77.58,25,2,6.11,IN,1594833710
331,Linfen,80.17,36.09,111.52,51,38,2.95,CN,1594833710
332,Hamilton,91.0,39.18,-84.53,43,1,8.05,US,1594833671
333,Oktyabr'skiy,75.34,54.48,53.47,75,0,2.51,RU,1594833710
334,Havre-St-Pierre,64.4,50.23,-63.6,63,1,9.17,CA,1594833710
335,Dudinka,48.2,69.41,86.18,93,75,6.71,RU,1594833711
336,Muskegon,80.01,43.3,-86.13,61,90,8.05,US,1594833711
337,Sorong,80.76,-0.88,131.25,78,100,7.47,ID,1594833711
338,Rawson,46.9,-43.3,-65.1,52,30,8.5,AR,1594833712
339,Codrington,41.31,-38.27,141.97,91,19,5.12,AU,1594833647
340,Cabo San Lucas,95.0,22.89,-109.91,43,5,5.82,MX,1594833418
341,Hobyo,80.01,5.35,48.53,74,76,29.82,SO,1594833712
342,Back Mountain,86.0,41.34,-76.0,48,0,1.99,US,1594833712
343,Srednekolymsk,40.28,67.45,153.68,70,62,3.31,RU,1594833712
344,Batagay,49.5,67.63,134.63,66,0,4.63,RU,1594833713
345,Tigre,59.0,-34.43,-58.58,35,0,4.7,AR,1594833713
346,Vila Velha,69.8,-20.33,-40.29,94,90,8.05,BR,1594833713
347,Nome,50.0,64.5,-165.41,87,90,6.93,US,1594833713
348,Siilinjärvi,68.0,63.08,27.67,49,46,4.7,FI,1594833714
349,Zheleznodorozhnyy,62.01,55.75,38.0,93,75,8.95,RU,1594833714
350,Sydney Mines,55.0,46.24,-60.22,100,90,14.99,CA,1594833714
351,Aguié,90.32,13.51,7.78,41,64,6.13,NE,1594833714
352,Arraial do Cabo,69.8,-22.97,-42.03,64,75,6.93,BR,1594833648
353,Kharagauli,75.2,42.02,43.2,78,75,10.29,GE,1594833715
354,Xining,59.56,36.62,101.77,82,100,5.75,CN,1594833445
355,Mtsamboro,77.0,-12.7,45.07,73,75,14.99,YT,1594833715
356,Markova,75.2,48.68,24.41,44,70,6.71,UA,1594833715
357,Māngrol,80.83,21.12,70.12,85,100,6.26,IN,1594833716
358,Katsuura,64.4,35.13,140.3,100,75,14.99,JP,1594833716
359,Belyy Yar,55.4,53.6,91.39,76,3,6.71,RU,1594833716
360,Husavik,53.6,66.04,-17.34,93,75,11.41,IS,1594833716
361,Kiryat Gat,84.99,31.61,34.76,62,0,9.98,IL,1594833689
362,Isangel,71.85,-19.55,169.27,84,2,2.17,VU,1594833717
363,Porto-Novo,78.8,6.5,2.6,83,40,13.87,BJ,1594833717
364,Beijing,88.0,39.91,116.4,65,0,6.53,CN,1594833431
365,Lorengau,81.28,-2.02,147.27,69,58,4.61,PG,1594833717
366,Bairiki Village,80.6,1.33,172.98,88,75,4.7,KI,1594833718
367,Lichtenau,66.99,51.62,8.9,48,40,6.93,DE,1594833718
368,Pacific Grove,62.01,36.62,-121.92,82,90,3.36,US,1594833652
369,Mil'kovo,58.28,54.72,158.62,82,91,1.25,RU,1594833718
370,Marsá Maţrūḩ,78.03,31.35,27.25,67,0,7.29,EG,1594833656
371,Mahon,77.0,39.89,4.27,61,20,10.29,ES,1594833718
372,Dakar,84.2,14.69,-17.44,66,75,9.17,SN,1594833718
373,Fort Morgan,62.6,40.25,-103.8,77,90,18.34,US,1594833719
374,Laishevo,78.8,55.4,49.55,44,72,13.42,RU,1594833719
375,Safidon,95.32,29.42,76.67,40,6,10.18,IN,1594833719
376,Ingá,78.39,-7.28,-35.6,73,93,8.93,BR,1594833719
377,Beira,71.6,-19.84,34.84,68,75,20.8,MZ,1594833720
378,Alcañiz,78.01,41.05,-0.13,64,7,8.99,ES,1594833720
379,Ilulissat,46.4,69.22,-51.1,75,75,4.7,GL,1594833720
380,Bathsheba,87.8,13.22,-59.52,62,20,13.87,BB,1594833720
381,Belaya Gora,40.03,68.53,146.42,76,18,7.58,RU,1594833720
382,Caravelas,79.34,-17.71,-39.25,64,0,6.44,BR,1594833651
383,Kamina,71.96,-8.74,24.99,29,22,5.95,CD,1594833721
384,Hay River,55.4,60.82,-115.8,82,75,10.29,CA,1594833721
385,Teya,48.06,60.38,92.63,84,64,4.72,RU,1594833722
386,Shahr-e Bābak,81.19,30.12,55.12,19,36,18.19,IR,1594833723
387,Coolum Beach,57.0,-26.53,153.1,60,0,4.0,AU,1594833723
388,City of San Pedro,82.0,14.35,121.02,79,19,1.01,PH,1594833625
389,Ilhabela,66.31,-23.78,-45.36,70,100,5.28,BR,1594833723
390,Faanui,77.61,-16.48,-151.75,84,17,13.96,PF,1594833723
391,Berlevåg,55.4,70.86,29.09,81,22,19.46,NO,1594833450
392,Apatzingán,66.2,19.08,-102.35,88,90,6.93,MX,1594833724
393,Hailun,70.12,47.45,126.93,79,67,5.26,CN,1594833724
394,Saint-Joseph,71.6,-21.37,55.62,83,75,5.82,RE,1594833724
395,Manakara,68.52,-22.13,48.02,88,0,2.53,MG,1594833724
396,Zhezkazgan,82.67,47.8,67.71,31,93,10.25,KZ,1594833725
397,Salalah,82.4,17.02,54.09,88,75,3.36,OM,1594833725
398,Nelson Bay,55.4,-32.72,152.15,58,90,14.99,AU,1594833720
399,Verāval,81.32,20.9,70.37,85,100,8.1,IN,1594833725
400,Eyl,83.17,7.98,49.82,61,96,27.54,SO,1594833725
401,Iquique,60.8,-20.22,-70.14,72,2,14.99,CL,1594833516
402,Ambovombe,66.42,-25.17,46.08,79,33,14.07,MG,1594833668
403,Wanning,81.5,18.8,110.4,86,63,10.67,CN,1594833726
404,Samarai,77.63,-10.62,150.67,89,58,14.2,PG,1594833726
405,Deputatsky,35.67,69.3,139.9,83,41,9.04,RU,1594833452
406,Muhafazat Lahij,88.02,13.17,44.58,39,99,15.39,YE,1594833726
407,Koster,42.17,-25.86,26.9,52,0,5.75,ZA,1594833727
408,Sola,79.25,-13.88,167.55,81,86,13.15,VU,1594833463
409,Comodoro Rivadavia,41.0,-45.87,-67.5,41,16,2.24,AR,1594833614
410,Lagos,80.6,6.58,3.75,78,40,10.29,NG,1594833434
411,Marsh Harbour,83.97,26.54,-77.06,68,25,3.67,BS,1594833727
412,Iqaluit,59.0,63.75,-68.51,62,20,5.82,CA,1594833727
413,Marawi,73.99,8.0,124.29,94,100,5.01,PH,1594833651
414,Apache Junction,100.0,33.42,-111.55,23,75,9.17,US,1594833728
415,Quesnel,59.0,53.0,-122.5,93,90,2.24,CA,1594833660
416,Faya,78.8,18.39,42.45,41,40,8.05,SA,1594833728
417,Orlik,45.34,52.52,99.83,80,88,5.12,RU,1594833728
418,Rocha,52.41,-34.48,-54.33,49,0,3.96,UY,1594833506
419,Ukiah,81.0,39.15,-123.21,63,1,2.8,US,1594833439
420,Tegul'det,52.05,57.31,88.17,81,99,0.96,RU,1594833729
421,Kumul,83.35,42.8,93.45,17,69,16.93,CN,1594833557
422,Kavaratti,83.35,10.57,72.64,79,100,17.76,IN,1594833729
423,Alyangula,68.0,-13.85,136.42,68,33,5.82,AU,1594833729
424,Launceston,42.01,-41.45,147.17,93,75,6.93,AU,1594833729
425,West Wendover,80.6,40.74,-114.07,14,1,5.82,US,1594833730
426,Zverinogolovskoye,74.12,54.46,64.85,70,0,9.28,RU,1594833730
427,Grand Haven,81.0,43.06,-86.23,61,90,8.05,US,1594833670
428,Palmer,78.01,42.16,-72.33,60,75,3.36,US,1594833502
429,Madang,77.11,-5.22,145.8,88,53,1.14,PG,1594833730
430,Bonanza,83.91,14.03,-84.59,71,72,5.35,NI,1594833731
431,Ayan,63.09,56.45,138.17,80,100,4.36,RU,1594833731
432,Maragogi,79.56,-9.01,-35.22,72,19,9.93,BR,1594833731
433,Rovereto,73.0,45.89,11.04,72,98,1.81,IT,1594833732
434,St. George's,86.0,12.06,-61.75,74,20,20.8,GD,1594833732
435,Mīnāb,93.2,27.15,57.08,71,20,4.7,IR,1594833732
436,Quetigny,66.2,47.32,5.12,88,99,3.36,FR,1594833732
437,Shelton,79.0,41.32,-73.09,64,1,10.29,US,1594833733
438,Sampit,74.19,-2.53,112.95,96,100,2.98,ID,1594833733
439,Nuuk,53.6,64.18,-51.72,66,20,4.7,GL,1594833625
440,Haines Junction,49.28,60.75,-137.51,84,100,1.14,CA,1594833734
441,Dombarovskiy,82.08,50.76,59.54,36,0,11.25,RU,1594833734
442,Rio Grande,55.4,-32.03,-52.1,30,0,6.93,BR,1594833434
443,Esim,77.32,4.87,-2.24,72,59,10.47,GH,1594833673
444,Freeport,78.01,40.66,-73.58,69,90,10.29,US,1594833436
445,Fortuna,64.99,40.6,-124.16,77,20,5.82,US,1594833735
446,Lira,67.57,2.23,32.91,90,93,3.47,UG,1594833735
447,Puerto El Triunfo,91.4,13.28,-88.55,55,0,2.24,SV,1594833735
448,Mahina,73.4,-17.51,-149.49,88,75,4.7,PF,1594833735
449,Aklavik,51.8,68.22,-135.01,87,90,6.93,CA,1594833622
450,Ugoofaaru,83.98,5.67,73.0,76,100,12.39,MV,1594833666
451,Great Yarmouth,61.0,52.61,1.73,87,75,9.17,GB,1594833736
452,Ulladulla,53.6,-35.35,150.47,58,90,13.87,AU,1594833736
453,Auki,76.66,-8.77,160.7,89,100,7.47,SB,1594833736
454,Ibrā’,90.0,22.69,58.53,48,69,10.31,OM,1594833736
455,Camargo,89.44,27.67,-105.17,19,0,1.97,MX,1594833737
456,Dukat,48.79,62.55,155.55,93,100,4.29,RU,1594833737
457,Sayaxché,88.81,16.52,-90.17,55,45,4.45,GT,1594833737
458,Petropavlovsk-Kamchatskiy,51.8,53.05,158.65,100,90,4.47,RU,1594833737
459,Bria,72.09,6.54,21.99,94,15,2.37,CF,1594833737
460,Ouésso,74.79,1.61,16.05,91,80,1.52,CG,1594833738
461,Abu Samrah,88.0,35.3,37.18,27,0,13.51,SY,1594833738
462,Daşoguz,93.2,41.84,59.97,18,0,11.41,TM,1594833738
463,Khovd,57.92,48.01,91.64,64,100,5.37,MN,1594833738
464,Buchanan,80.6,5.88,-10.05,78,75,12.75,LR,1594833738
465,Manzhouli,65.46,49.6,117.43,80,37,2.73,CN,1594833739
466,Riohacha,91.2,11.54,-72.91,52,12,15.23,CO,1594833739
467,Shivrājpur,80.44,22.42,73.65,86,100,6.58,IN,1594833739
468,Amapá,89.92,1.0,-52.0,48,2,4.65,BR,1594833739
469,Matara,78.96,5.95,80.54,87,100,7.56,LK,1594833448
470,Kaniama,76.93,-7.57,24.18,28,14,4.43,CD,1594833739
471,Zhuhai,87.01,22.28,113.57,89,20,8.05,CN,1594833740
472,Naila,66.0,50.32,11.7,87,40,3.36,DE,1594833740
473,Tonantins,91.83,-2.87,-67.8,45,16,5.26,BR,1594833740
474,Port Hawkesbury,55.99,45.62,-61.35,93,90,6.93,CA,1594833465
475,Tarko-Sale,59.0,64.92,77.78,80,98,15.19,RU,1594833740
476,Port Hedland,57.2,-20.32,118.57,71,0,5.82,AU,1594833740
477,San Quintín,72.48,30.48,-115.95,67,34,13.27,MX,1594833741
478,Castro Daire,95.0,40.9,-7.93,25,4,5.99,PT,1594833741
479,Manokwari,78.64,-0.87,134.08,76,36,3.58,ID,1594833689
480,Ejido,80.06,8.55,-71.24,44,91,5.35,VE,1594833741
481,Derzhavīnsk,75.83,51.1,66.32,52,0,9.93,KZ,1594833742
482,Atambua,68.63,-9.11,124.89,87,16,5.95,ID,1594833742
483,Koygorodok,75.79,60.45,51.0,74,12,1.03,RU,1594833742
484,Pangnirtung,51.8,66.15,-65.71,76,75,17.22,CA,1594833742
485,Avilés,69.01,43.55,-5.92,72,75,5.82,ES,1594833742
486,Trenčianske Teplice,75.0,48.91,18.17,66,56,4.05,SK,1594833560
487,Pombal,92.41,-6.77,-37.8,28,23,7.61,BR,1594833743
488,Deleni,78.01,47.47,26.88,49,70,6.93,RO,1594833743
489,Ahome,93.99,25.92,-109.18,33,20,9.17,MX,1594833743
490,Bilibino,53.35,68.05,166.44,84,100,1.59,RU,1594833744
491,Porto Seguro,78.8,-16.45,-39.06,69,40,6.93,BR,1594833744
492,Sibolga,77.04,1.74,98.78,84,68,3.76,ID,1594833744
493,Limao,76.89,7.08,125.67,86,99,7.43,PH,1594833744
494,Bonavista,48.99,48.65,-53.11,78,100,11.01,CA,1594833734
495,Asău,68.0,46.43,26.4,68,68,2.21,RO,1594833745
496,Lagdo,86.0,9.05,13.73,62,20,12.75,CM,1594833745
497,Araouane,103.37,18.9,-3.53,22,99,9.55,ML,1594833745
498,Praia,82.4,14.92,-23.51,69,75,13.87,CV,1594833658
499,Bitkine,86.4,11.98,18.21,56,53,2.44,TD,1594833745
500,Juegang,70.0,32.32,121.19,94,58,6.17,CN,1594833746
501,Sainte-Anne-des-Monts,68.34,49.12,-66.49,44,0,11.41,CA,1594833746
502,Linxia Chengguanzhen,65.44,35.6,103.21,60,84,3.06,CN,1594833535
503,Edd,91.24,13.93,41.69,58,82,6.42,ER,1594833746
504,Duluth,81.0,46.78,-92.11,44,1,12.75,US,1594833494
505,Ocampo,73.26,21.65,-101.5,38,2,1.68,MX,1594833747
506,Cabedelo,82.4,-6.98,-34.83,65,40,13.87,BR,1594833747
507,Zarubino,61.3,42.63,131.09,94,21,3.04,RU,1594833747
508,Batemans Bay,37.0,-35.72,150.18,90,35,10.83,AU,1594833747
509,Chamlykskaya,68.09,44.72,40.88,81,48,6.31,RU,1594833748
510,Usinsk,51.39,65.99,57.53,76,94,15.5,RU,1594833748
511,Lakhipur,80.15,26.03,90.3,89,93,3.42,IN,1594833748
512,Palmares do Sul,52.03,-30.26,-50.51,57,0,5.39,BR,1594833748
513,Batagay-Alyta,54.86,67.8,130.41,67,47,4.34,RU,1594833748
514,Benghazi,79.74,32.12,20.07,63,0,16.44,LY,1594833748
515,Pamanukan,76.93,-6.28,107.81,81,91,6.31,ID,1594833749
516,Barra do Garças,91.56,-15.89,-52.26,22,0,7.65,BR,1594833563
517,Pochutla,87.8,15.74,-96.47,66,90,9.17,MX,1594833749
518,Srandakan,75.52,-7.94,110.25,90,48,8.08,ID,1594833749
519,Tres Arroyos,52.3,-38.37,-60.28,47,1,9.35,AR,1594833750
520,Altea,82.99,38.6,-0.05,49,32,9.15,ES,1594833750
521,Shimoda,72.91,34.67,138.95,84,100,5.82,JP,1594833750
522,Mahon,77.0,39.89,4.27,61,20,10.29,ES,1594833750
523,Banda Aceh,80.82,5.56,95.32,77,55,1.05,ID,1594833751
524,Churapcha,59.0,62.0,132.43,73,14,3.65,RU,1594833751
525,Praia,82.4,14.92,-23.51,69,75,13.87,CV,1594833751
526,Hanting,76.08,36.77,119.21,70,0,5.19,CN,1594833751
527,Dovolnoye,58.8,54.5,79.67,85,93,5.66,RU,1594833751
528,Chulym,57.7,55.1,80.96,79,89,4.21,RU,1594833752
529,Verkhoyansk,52.77,67.54,133.38,59,1,5.41,RU,1594833752
530,Sijunjung,72.48,-0.69,100.95,90,10,1.43,ID,1594833752
531,Makkah al Mukarramah,92.26,21.43,39.83,17,1,9.82,SA,1594833753
532,Tezu,76.19,27.92,96.17,83,100,2.89,IN,1594833753
533,Birnin Kebbi,87.91,12.45,4.2,54,100,9.35,NG,1594833753
534,Viranşehir,92.5,37.24,39.76,13,6,8.66,TR,1594833753
535,Puerto Escondido,82.4,15.85,-97.07,74,75,5.82,MX,1594833754
536,Rome,82.0,43.21,-75.46,57,1,4.7,US,1594833724
537,Imbituba,60.8,-28.24,-48.67,59,1,6.93,BR,1594833754
538,Toccoa,91.99,34.58,-83.33,52,75,3.36,US,1594833754
